,CurvePath,ImgInfoPath,ImgPath,ImgUUID,ROI_State,SampleID,anatomical_location,cell_name,comments,date,dorso_ventral_axis,misc,morphology,promoter,rostro_caudal_axis,stimulus_name,uuid_curve,meta,stim_maps,FCLUSTER_LABELS
0,curves/a2-_-1-_-843c2d43-75f3-421a-9fef-483d1e9bfbd3/00000.npz,images/a2-_-1-_-843c2d43-75f3-421a-9fef-483d1e9bfbd3.pik,images/a2-_-1-_-843c2d43-75f3-421a-9fef-483d1e9bfbd3.tiff,843c2d43-75f3-421a-9fef-483d1e9bfbd3,"{'roi_xs': array([93, 92, 92, 91, 91, 91, 90, 89, 89, 89, 88, 88, 87, 87, 87, 86, 86,
       86, 86, 85, 85, 85, 84, 84, 84, 85, 85, 85, 84, 83, 83, 82, 81, 81,
       81, 80, 80, 79, 78, 78, 77, 76, 75, 75, 74, 73, 73, 72, 71, 71, 70,
       70, 69, 68, 67, 66, 66, 65, 64, 64, 63, 62, 62, 61, 61, 60, 60, 59,
       59, 58, 58, 57, 57, 56, 56, 55, 55, 54, 54, 53, 53, 53, 53, 53, 53,
       53, 53, 53, 52, 52, 52, 52, 52, 52, 52, 52, 52, 53, 53, 53, 53, 53,
       53, 53, 54, 54, 54, 55, 55, 56, 57, 58, 59, 60, 61, 62, 63, 63, 64,
       65, 66, 67, 68, 69, 70, 71, 72, 72, 73, 73, 74, 74, 75, 76, 77, 78,
       79, 79, 80, 80, 81, 82, 82, 83, 84, 85, 86, 87, 88, 88, 88, 87, 87,
       87, 88, 89, 89, 90, 90, 91, 91, 91, 91, 91, 91, 91, 92, 92, 93, 93,
       93]), 'roi_ys': array([109, 110, 110, 111, 112, 112, 112, 113, 114, 114, 115, 115, 116,
       117, 117, 118, 119, 120, 120, 121, 122, 122, 123, 124, 125, 125,
       126, 126, 126, 127, 127, 127, 128, 129, 129, 130, 130, 130, 131,
       131, 131, 131, 132, 132, 132, 133, 133, 133, 133, 132, 132, 131,
       131, 131, 131, 131, 130, 130, 130, 129, 129, 129, 128, 128, 127,
       127, 126, 126, 125, 125, 124, 124, 123, 123, 122, 122, 121, 121,
       120, 120, 119, 118, 117, 116, 115, 114, 113, 112, 112, 111, 110,
       109, 108, 107, 106, 105, 104, 103, 103, 102, 101, 100,  99,  98,
        97,  97,  96,  95,  95,  94,  94,  94,  94,  94,  94,  94,  94,
        95,  95,  95,  95,  95,  95,  95,  95,  95,  95,  95,  94,  94,
        93,  94,  94,  94,  94,  94,  94,  94,  93,  94,  94,  94,  95,
        95,  95,  95,  95,  95,  95,  96,  96,  97,  98,  99,  99,  99,
       100, 100, 101, 101, 102, 103, 104, 105, 106, 107, 107, 108, 108,
       109, 109]), 'curve_data': (array([   0,    1,    2, ..., 2996, 2997, 2998]), array([ 905.20176132,  825.99775532,  783.01740851, ..., -579.25943632,
       -580.34607804, -581.37552623])), 'tags': {'anatomical_location': 'sv', 'cell_name': 'pnin', 'morphology': 'untagged', 'rostro_caudal_axis': 'untagged', 'dorso_ventral_axis': 'untagged'}, 'roi_type': 'CNMFROI', 'cnmf_idx': 2}",a2-_-1,sv,pnin,untagged,20190425_150531,untagged,{},untagged,dmrt1,untagged,['untagged'],ca5e5893-3282-4bc9-af00-66d506d53d58,"{'origin': 'AwesomeImager', 'version': '4107ff58a0c3d4d5d3c15c3d6a69f8798a20e3de', 'fps': 10.0, 'date': '20190425_150531', 'vmin': 322, 'vmax': 1814, 'orig_meta': {'source': 'AwesomeImager', 'version': '4107ff58a0c3d4d5d3c15c3d6a69f8798a20e3de', 'level_min': 322, 'stims': {}, 'time': '150531', 'date': '20190425', 'framerate': 10.0, 'level_max': 1814}}",[[None]],8
1,curves/brn3b_a6-_-2-_-21557a64-6868-4ff4-8db1-67aa315e3155/00000.npz,images/brn3b_a6-_-2-_-21557a64-6868-4ff4-8db1-67aa315e3155.pik,images/brn3b_a6-_-2-_-21557a64-6868-4ff4-8db1-67aa315e3155.tiff,21557a64-6868-4ff4-8db1-67aa315e3155,"{'roi_xs': array([811, 810, 810, 810, 810, 809, 809, 809, 808, 808, 807, 807, 807,
       807, 807, 806, 806, 805, 805, 804, 804, 804, 804, 803, 803, 803,
       802, 802, 802, 801, 801, 800, 800, 799, 799, 798, 797, 797, 796,
       796, 795, 795, 794, 794, 794, 793, 792, 792, 791, 790, 790, 789,
       788, 788, 787, 786, 786, 785, 784, 783, 783, 782, 781, 780, 779,
       778, 777, 777, 776, 776, 775, 774, 773, 772, 771, 770, 770, 769,
       768, 768, 767, 767, 766, 767, 767, 767, 766, 766, 766, 765, 766,
       766, 766, 765, 765, 765, 765, 766, 766, 767, 767, 768, 769, 769,
       770, 770, 771, 771, 772, 772, 773, 773, 774, 775, 776, 776, 777,
       778, 778, 779, 780, 780, 781, 782, 782, 783, 783, 784, 784, 785,
       786, 786, 787, 787, 788, 788, 789, 789, 790, 791, 791, 792, 792,
       793, 793, 793, 794, 794, 795, 795, 796, 796, 797, 797, 797, 798,
       798, 799, 799, 800, 800, 800, 800, 801, 801, 802, 802, 802, 803,
       804, 805, 805, 806, 806, 806, 807, 807, 808, 809, 809, 810, 810,
       810, 810, 810, 810, 810, 810, 809, 809, 809, 808, 808, 809, 809,
       810, 811, 811, 811, 811, 811]), 'roi_ys': array([113, 114, 115, 116, 116, 117, 118, 118, 119, 119, 120, 121, 122,
       123, 123, 124, 124, 125, 125, 126, 127, 128, 128, 129, 130, 130,
       131, 132, 132, 133, 133, 134, 134, 135, 135, 135, 136, 136, 137,
       137, 138, 138, 139, 140, 140, 140, 141, 141, 141, 142, 142, 142,
       143, 143, 143, 144, 144, 144, 144, 145, 145, 145, 145, 145, 145,
       145, 145, 144, 144, 143, 143, 143, 143, 143, 143, 143, 142, 142,
       142, 141, 141, 140, 140, 139, 139, 138, 138, 137, 136, 136, 135,
       135, 134, 134, 133, 132, 131, 130, 130, 129, 129, 128, 128, 128,
       127, 127, 126, 126, 125, 125, 124, 124, 123, 123, 123, 123, 122,
       122, 122, 121, 121, 121, 120, 120, 120, 119, 119, 118, 118, 117,
       117, 117, 116, 116, 115, 115, 114, 114, 113, 113, 113, 112, 112,
       111, 111, 110, 109, 109, 108, 108, 107, 107, 106, 106, 105, 104,
       104, 103, 103, 102, 102, 101, 100,  99,  99,  98,  98,  97,  96,
        96,  96,  96,  95,  96,  97,  97,  98,  98,  98,  99,  99, 100,
       101, 102, 103, 104, 105, 105, 106, 107, 107, 108, 109, 109, 110,
       110, 110, 111, 112, 113, 113]), 'curve_data': (array([   0,    1,    2, ..., 2995, 2996, 2997]), array([-198.80115778, -198.81486334, -187.11119364, ..., -172.24926941,
       -173.39094634, -174.48413995])), 'tags': {'anatomical_location': 'palp', 'cell_name': 'palp', 'morphology': 'untagged'}, 'roi_type': 'CNMFROI', 'cnmf_idx': 0}",brn3b_a6-_-2,palp,palp,untagged,20190425_130232,untagged,{},untagged,brn3b,untagged,['untagged'],34d56573-1597-4281-afff-e7cf9fc35201,"{'origin': 'AwesomeImager', 'version': '4107ff58a0c3d4d5d3c15c3d6a69f8798a20e3de', 'fps': 10.0, 'date': '20190425_130232', 'vmin': 328, 'vmax': 1855, 'orig_meta': {'source': 'AwesomeImager', 'version': '4107ff58a0c3d4d5d3c15c3d6a69f8798a20e3de', 'level_min': 328, 'stims': {}, 'time': '130232', 'date': '20190425', 'framerate': 10.0, 'level_max': 1855}}",[[None]],4
2,curves/brn3b_a6-_-2-_-21557a64-6868-4ff4-8db1-67aa315e3155/00002.npz,images/brn3b_a6-_-2-_-21557a64-6868-4ff4-8db1-67aa315e3155.pik,images/brn3b_a6-_-2-_-21557a64-6868-4ff4-8db1-67aa315e3155.tiff,21557a64-6868-4ff4-8db1-67aa315e3155,"{'roi_xs': array([753, 752, 752, 752, 752, 752, 752, 751, 751, 751, 750, 750, 749,
       749, 748, 748, 748, 748, 747, 747, 747, 746, 746, 746, 746, 746,
       745, 745, 745, 744, 744, 743, 743, 742, 742, 742, 741, 741, 741,
       741, 740, 740, 739, 739, 738, 738, 737, 737, 736, 736, 736, 736,
       735, 735, 735, 734, 734, 733, 733, 733, 733, 732, 732, 731, 730,
       730, 730, 729, 729, 728, 728, 727, 727, 726, 725, 724, 724, 723,
       722, 721, 720, 720, 719, 718, 717, 716, 716, 715, 715, 714, 713,
       713, 712, 711, 710, 709, 709, 708, 707, 706, 705, 704, 703, 702,
       702, 701, 700, 699, 698, 697, 697, 696, 696, 697, 697, 698, 698,
       699, 699, 699, 699, 700, 700, 701, 701, 702, 703, 704, 704, 705,
       706, 706, 707, 707, 708, 708, 709, 710, 710, 711, 711, 712, 712,
       713, 713, 714, 714, 714, 715, 715, 715, 716, 716, 716, 716, 716,
       717, 717, 717, 717, 717, 717, 717, 717, 717, 717, 717, 717, 717,
       717, 717, 716, 716, 716, 716, 715, 715, 715, 715, 715, 714, 714,
       714, 714, 714, 715, 715, 716, 716, 716, 716, 716, 716, 716, 717,
       717, 718, 718, 718, 719, 719, 719, 719, 720, 720, 720, 721, 721,
       722, 722, 723, 723, 724, 725, 726, 727, 727, 728, 729, 730, 731,
       732, 733, 734, 735, 736, 736, 737, 738, 739, 739, 740, 741, 742,
       743, 743, 744, 744, 745, 746, 746, 747, 748, 748, 749, 749, 750,
       750, 750, 751, 751, 751, 751, 752, 752, 752, 753, 753, 753, 753,
       753, 753, 753, 753, 753, 752, 752, 753, 753, 753, 753]), 'roi_ys': array([ 67,  68,  69,  70,  71,  72,  72,  73,  74,  74,  75,  75,  76,
        76,  77,  78,  79,  79,  80,  81,  81,  82,  83,  84,  85,  85,
        86,  87,  87,  88,  88,  89,  89,  90,  91,  91,  92,  93,  94,
        94,  95,  95,  96,  96,  97,  97,  98,  98,  99, 100, 101, 101,
       102, 103, 103, 104, 104, 105, 106, 107, 107, 108, 108, 108, 109,
       110, 110, 111, 111, 112, 112, 112, 111, 111, 111, 111, 110, 110,
       110, 110, 111, 111, 111, 111, 111, 112, 112, 113, 113, 113, 114,
       114, 114, 114, 114, 114, 113, 113, 113, 113, 113, 113, 113, 113,
       112, 112, 112, 112, 112, 112, 111, 111, 110, 109, 109, 108, 108,
       107, 107, 106, 105, 104, 104, 103, 103, 102, 102, 102, 102, 101,
       101, 101, 100, 100,  99,  99,  98,  98,  98,  97,  97,  96,  96,
        95,  95,  94,  94,  93,  92,  92,  91,  90,  90,  89,  88,  87,
        86,  86,  85,  84,  83,  82,  81,  80,  79,  78,  77,  76,  75,
        74,  73,  73,  72,  71,  70,  70,  69,  68,  67,  66,  66,  65,
        64,  63,  62,  61,  61,  60,  60,  59,  58,  57,  56,  55,  54,
        54,  53,  53,  52,  51,  51,  50,  49,  48,  48,  47,  46,  46,
        45,  45,  44,  44,  43,  43,  43,  43,  43,  42,  42,  42,  42,
        42,  42,  42,  42,  42,  43,  43,  43,  43,  44,  44,  44,  44,
        44,  45,  45,  46,  46,  46,  47,  47,  47,  48,  48,  49,  49,
        50,  51,  51,  52,  53,  54,  54,  55,  56,  56,  57,  58,  59,
        60,  61,  62,  63,  63,  64,  65,  65,  66,  67,  67]), 'curve_data': (array([   0,    1,    2, ..., 2995, 2996, 2997]), array([-78.0582509 , -52.83263638, -55.25834517, ...,  78.77149443,
        70.59903942,  62.78343735])), 'tags': {'anatomical_location': 'palp', 'cell_name': 'palp', 'morphology': 'untagged'}, 'roi_type': 'CNMFROI', 'cnmf_idx': 9}",brn3b_a6-_-2,palp,palp,untagged,20190425_130232,untagged,{},untagged,brn3b,untagged,['untagged'],b0bae75e-4c87-477d-9ab2-f91c14bd9a20,"{'origin': 'AwesomeImager', 'version': '4107ff58a0c3d4d5d3c15c3d6a69f8798a20e3de', 'fps': 10.0, 'date': '20190425_130232', 'vmin': 328, 'vmax': 1855, 'orig_meta': {'source': 'AwesomeImager', 'version': '4107ff58a0c3d4d5d3c15c3d6a69f8798a20e3de', 'level_min': 328, 'stims': {}, 'time': '130232', 'date': '20190425', 'framerate': 10.0, 'level_max': 1855}}",[[None]],5
3,curves/brn3b_day1_3-_-2-_-ff3e95df-0e15-495c-9bfb-fb636ae0f022/00000.npz,images/brn3b_day1_3-_-2-_-ff3e95df-0e15-495c-9bfb-fb636ae0f022.pik,images/brn3b_day1_3-_-2-_-ff3e95df-0e15-495c-9bfb-fb636ae0f022.tiff,ff3e95df-0e15-495c-9bfb-fb636ae0f022,"{'roi_xs': array([437, 436, 436, 436, 436, 436, 435, 435, 434, 433, 433, 432, 432,
       431, 430, 429, 428, 427, 427, 427, 427, 427, 426, 426, 427, 427,
       427, 428, 429, 430, 430, 431, 431, 432, 432, 433, 433, 433, 433,
       433, 433, 433, 433, 432, 431, 431, 431, 430, 430, 429, 429, 429,
       429, 429, 428, 428, 427, 427, 427, 427, 428, 428, 428, 429, 429,
       429, 428, 429, 429, 429, 429, 430, 430, 430, 431, 431, 431, 430,
       430, 429, 429, 428, 428, 427, 426, 426, 425, 424, 423, 422, 421,
       420, 419, 419, 418, 418, 417, 416, 415, 414, 414, 413, 412, 411,
       410, 409, 408, 407, 407, 406, 406, 405, 404, 403, 402, 401, 400,
       399, 399, 398, 398, 397, 397, 397, 398, 398, 398, 398, 397, 397,
       397, 396, 396, 396, 397, 397, 398, 398, 398, 398, 398, 399, 399,
       399, 399, 398, 397, 396, 396, 395, 394, 393, 394, 394, 395, 395,
       395, 396, 396, 397, 397, 398, 398, 399, 399, 400, 400, 401, 402,
       402, 403, 403, 403, 404, 404, 405, 405, 406, 406, 407, 407, 408,
       408, 409, 409, 410, 410, 410, 411, 411, 412, 412, 413, 413, 413,
       414, 414, 414, 415, 415, 416, 416, 416, 417, 417, 418, 418, 418,
       419, 419, 419, 419, 420, 420, 421, 422, 422, 423, 424, 425, 425,
       426, 426, 427, 427, 428, 428, 428, 428, 429, 429, 430, 430, 430,
       431, 431, 431, 432, 432, 433, 433, 433, 434, 434, 435, 436, 437,
       437, 437, 437, 437, 417, 417, 417, 416, 416, 417, 417, 426, 426,
       426, 426, 426, 425, 425, 424, 423, 422, 422, 422, 423, 423, 423,
       422, 422, 423, 424, 425, 425, 426, 426, 428, 428, 428, 427, 427,
       428, 428]), 'roi_ys': array([451, 452, 453, 454, 455, 455, 456, 456, 456, 456, 455, 455, 454,
       454, 454, 454, 454, 455, 456, 457, 458, 458, 459, 460, 460, 461,
       462, 462, 462, 462, 462, 461, 462, 462, 463, 463, 464, 465, 466,
       467, 468, 469, 469, 469, 469, 468, 467, 467, 466, 467, 468, 469,
       470, 470, 471, 471, 472, 473, 474, 475, 475, 476, 477, 477, 478,
       478, 479, 479, 480, 481, 482, 482, 483, 484, 484, 485, 485, 486,
       486, 487, 487, 488, 488, 488, 488, 487, 487, 487, 487, 487, 487,
       487, 488, 488, 489, 489, 489, 489, 489, 490, 490, 490, 490, 490,
       490, 490, 490, 490, 489, 489, 488, 488, 488, 488, 488, 488, 488,
       488, 487, 487, 486, 486, 485, 484, 483, 483, 482, 481, 481, 480,
       479, 479, 478, 477, 476, 476, 475, 475, 474, 473, 472, 471, 471,
       470, 469, 469, 469, 470, 470, 470, 470, 470, 469, 469, 468, 468,
       467, 466, 466, 465, 465, 464, 464, 463, 463, 462, 462, 461, 461,
       461, 460, 460, 459, 458, 458, 457, 457, 456, 456, 455, 455, 454,
       454, 453, 453, 452, 452, 451, 450, 450, 449, 449, 448, 448, 447,
       446, 446, 445, 444, 444, 443, 443, 442, 441, 441, 440, 440, 439,
       438, 438, 437, 436, 435, 435, 434, 434, 434, 433, 433, 433, 434,
       434, 435, 435, 436, 436, 437, 438, 439, 439, 440, 440, 441, 442,
       442, 443, 444, 444, 445, 445, 446, 447, 447, 448, 448, 448, 448,
       449, 450, 451, 451, 451, 450, 449, 450, 451, 451, 451, 470, 469,
       468, 467, 466, 466, 465, 465, 465, 466, 467, 468, 468, 469, 469,
       470, 471, 471, 471, 471, 471, 470, 470, 465, 464, 463, 464, 465,
       465, 465]), 'curve_data': (array([   0,    1,    2, ..., 2995, 2996, 2997]), array([-1417.31046421, -1417.31046421, -1417.31046421, ...,
        -823.41640636,  -864.12475401,  -902.04264088])), 'tags': {'anatomical_location': 'sv', 'cell_name': 'pr', 'morphology': 'vase'}, 'roi_type': 'CNMFROI', 'cnmf_idx': 5}",brn3b_day1_3-_-2,sv,pr,untagged,20190425_114937,untagged,{},vase,brn3b,untagged,['untagged'],5feb5e04-f7b4-4e76-aec1-7d6ec77f94d4,"{'origin': 'AwesomeImager', 'version': '4107ff58a0c3d4d5d3c15c3d6a69f8798a20e3de', 'fps': 10.0, 'date': '20190425_114937', 'vmin': 310, 'vmax': 1846, 'orig_meta': {'source': 'AwesomeImager', 'version': '4107ff58a0c3d4d5d3c15c3d6a69f8798a20e3de', 'level_min': 310, 'stims': {}, 'time': '114937', 'date': '20190425', 'framerate': 10.0, 'level_max': 1846}}",[[None]],8
4,curves/brn3b_day1_3-_-2-_-ff3e95df-0e15-495c-9bfb-fb636ae0f022/00001.npz,images/brn3b_day1_3-_-2-_-ff3e95df-0e15-495c-9bfb-fb636ae0f022.pik,images/brn3b_day1_3-_-2-_-ff3e95df-0e15-495c-9bfb-fb636ae0f022.tiff,ff3e95df-0e15-495c-9bfb-fb636ae0f022,"{'roi_xs': array([413, 412, 412, 412, 412, 412, 412, 412, 411, 411, 411, 410, 410,
       409, 409, 409, 409, 409, 409, 408, 409, 409, 409, 409, 408, 408,
       408, 408, 408, 408, 408, 408, 407, 407, 407, 408, 408, 408, 408,
       407, 407, 407, 406, 406, 406, 405, 405, 404, 404, 403, 403, 402,
       402, 402, 401, 401, 400, 400, 399, 398, 397, 396, 396, 395, 394,
       394, 393, 392, 392, 391, 390, 389, 389, 388, 389, 389, 390, 390,
       390, 391, 391, 392, 392, 393, 393, 393, 393, 392, 392, 392, 391,
       391, 390, 390, 389, 389, 388, 387, 386, 385, 384, 384, 383, 383,
       382, 382, 381, 381, 380, 380, 379, 379, 379, 379, 378, 378, 378,
       378, 377, 377, 376, 376, 375, 375, 375, 375, 375, 375, 375, 374,
       374, 374, 374, 374, 374, 374, 374, 375, 375, 376, 377, 377, 378,
       378, 378, 378, 378, 379, 379, 380, 380, 380, 381, 381, 382, 383,
       384, 384, 385, 385, 386, 386, 387, 388, 388, 389, 390, 391, 391,
       392, 392, 393, 394, 394, 395, 396, 397, 398, 398, 399, 400, 401,
       402, 402, 402, 403, 403, 404, 404, 405, 406, 406, 407, 407, 408,
       409, 409, 410, 411, 411, 411, 411, 411, 412, 412, 413, 413, 413,
       413, 385, 384, 383, 384, 385, 385, 385]), 'roi_ys': array([345, 346, 347, 348, 349, 350, 351, 351, 352, 353, 353, 354, 354,
       355, 356, 357, 358, 359, 359, 360, 360, 361, 362, 362, 363, 364,
       365, 366, 367, 368, 369, 369, 370, 371, 372, 372, 373, 374, 374,
       375, 376, 376, 377, 378, 378, 379, 379, 380, 380, 381, 381, 382,
       383, 383, 384, 384, 385, 385, 385, 385, 385, 386, 386, 386, 387,
       387, 387, 388, 388, 388, 388, 388, 387, 387, 386, 386, 385, 385,
       384, 383, 383, 382, 382, 381, 381, 380, 379, 379, 378, 377, 377,
       376, 376, 375, 375, 374, 374, 374, 374, 374, 374, 373, 373, 372,
       372, 371, 371, 370, 370, 369, 369, 368, 367, 366, 366, 365, 364,
       363, 363, 362, 362, 361, 361, 360, 359, 358, 357, 356, 355, 355,
       354, 353, 352, 351, 350, 349, 348, 347, 347, 346, 346, 346, 345,
       345, 344, 343, 342, 341, 341, 340, 340, 339, 338, 338, 337, 337,
       337, 337, 336, 336, 335, 335, 334, 334, 334, 333, 333, 333, 334,
       334, 335, 335, 335, 335, 334, 334, 334, 334, 335, 335, 335, 335,
       335, 336, 337, 337, 338, 338, 338, 337, 337, 337, 336, 337, 337,
       337, 338, 338, 338, 339, 340, 341, 342, 342, 343, 343, 344, 345,
       345, 380, 380, 380, 379, 379, 380, 380]), 'curve_data': (array([   0,    1,    2, ..., 2995, 2996, 2997]), array([-1355.68296024, -1355.68296024, -1355.68296024, ...,
        -549.22716898,  -583.81691833,  -616.92312354])), 'tags': {'anatomical_location': 'sv', 'cell_name': 'atena', 'morphology': 'untagged'}, 'roi_type': 'CNMFROI', 'cnmf_idx': 7}",brn3b_day1_3-_-2,sv,atena,untagged,20190425_114937,untagged,{},untagged,brn3b,untagged,['untagged'],bda0109f-2c0b-423c-a30f-74d354aec0b1,"{'origin': 'AwesomeImager', 'version': '4107ff58a0c3d4d5d3c15c3d6a69f8798a20e3de', 'fps': 10.0, 'date': '20190425_114937', 'vmin': 310, 'vmax': 1846, 'orig_meta': {'source': 'AwesomeImager', 'version': '4107ff58a0c3d4d5d3c15c3d6a69f8798a20e3de', 'level_min': 310, 'stims': {}, 'time': '114937', 'date': '20190425', 'framerate': 10.0, 'level_max': 1846}}",[[None]],6
